{
  "plant": [
    {
      "cntntsSj": "홀리아페페로미아",
      "cntntsNo": "12971"
    },
    {
      "cntntsSj": "황금마삭줄",
      "cntntsNo": "12937"
    },
    {
      "cntntsSj": "황금죽",
      "cntntsNo": "12932"
    },
    {
      "cntntsSj": "후피향나무",
      "cntntsNo": "12956"
    },
    {
      "cntntsSj": "흰꽃나도사프란",
      "cntntsNo": "12920"
    },
    {
      "cntntsSj": "흰줄무늬달개비(트라데스칸티아)",
      "cntntsNo": "12919"
    },
    {
      "cntntsSj": "히포에스테스",
      "cntntsNo": "12901"
    }
  ]
}